market_id,symbol,question,polarity,polarity_source,pct,converged,asset_confidence,question_confidence,archetype,relevance,split,entry_date,entry_prob,entry_price,exit_date,exit_price,exit_reason,peak_pct,trough_pct,return_pct,_entry_ts,_exit_ts,candidate_t_theta,candidate_t_e,_qty,_position_size_pct,_asset_entry_notional,_equity_at_entry,invested_frac_pct,_benchmark_sell_cost,_asset_buy_cost,realized_exit_reason,gross_pnl,pnl,pnl_pct,txn_cost,exit_value,benchmark_rebuy_qty
507493,ZIM,Longshoremen east coast strike by Oct 1?,1,override,0.725,YES,5.0,5.0,US East Coast Port Strike Exposure,0.63,train,2024-09-23,0.725,22.33,2024-09-25,23.67,profit_lock_6%,6.94,-8.2,6.0,2024-09-23 00:00:00+00:00,2024-09-25 00:00:00+00:00,2024-09-20,2024-10-01,561,0.12,12527.13,104519.72,11.9854,6.97,8.23,profit_lock_6%,751.74,720.59,5.7522,31.15,13278.87,23.2666
508672,USO,Israel strikes Iranian oil in October?,1,llm,0.8,NO,5.0,5.0,Middle East Geopolitical Oil Risk,0.8,train,2024-10-02,0.8,72.76,2024-10-07,79.2,poly<0.5347387666387801,6.38,-1.57,8.85,2024-10-02 00:00:00+00:00,2024-10-07 00:00:00+00:00,2024-10-02,2024-10-31,173,0.12,12587.48,105082.07,11.9787,7.01,6.9,poly<0.5347387666387801,1114.12,1085.18,8.6211,28.94,13701.6,24.1046
508672,XLE,Israel strikes Iranian oil in October?,1,llm,0.8,NO,,0.0,Middle East Geopolitical Oil Risk,0.64,train,2024-10-02,0.8,45.36,2024-10-07,46.76,poly<0.5347387666387801,3.03,-1.11,3.08,2024-10-02 00:00:00+00:00,2024-10-07 00:00:00+00:00,2024-10-02,2024-10-31,277,0.12,12564.72,105068.17,11.9586,7.0,7.25,poly<0.5347387666387801,387.8,358.93,2.8566,28.87,12952.52,22.786
550768,MRK,FDA approves Merck’s clesrovimab infant RSV prevention (MK‑1654)?,1,llm,0.88,YES,6.0,6.0,Merck FDA Approval,0.95,train,2025-06-09,0.88,79.33,2025-06-13,81.71,profit_lock_3%,3.5,-0.83,3.0,2025-06-09 00:00:00+00:00,2025-06-13 00:00:00+00:00,2025-06-09,2025-06-17,169,0.12,13406.77,112348.43,11.9332,7.45,7.29,profit_lock_3%,402.22,372.35,2.7774,29.87,13808.99,23.1053
552117,XLE,Strike on Israel's Dimonah nuclear base in June?,1,llm,0.725,NO,,0.0,Middle East Oil Disruption,0.56,train,2025-06-13,0.725,44.05,2025-06-16,43.92,poly<0.5347387666387801,0.0,-1.31,-0.3,2025-06-13 00:00:00+00:00,2025-06-16 00:00:00+00:00,2025-06-13,2025-06-30,305,0.12,13435.25,112264.23,11.9675,7.43,7.79,poly<0.5347387666387801,-39.65,-70.05,-0.5214,30.4,13395.6,22.2015
552114,XLE,Israel strike on Iran on June 19?,1,llm,0.785,YES,,0.0,Middle East Oil Disruption,0.52,train,2025-06-16,0.785,43.92,2025-06-18,44.04,resolution-1d,1.68,-0.75,0.27,2025-06-16 00:00:00+00:00,2025-06-18 00:00:00+00:00,2025-06-13,2025-06-20,307,0.12,13483.44,112734.45,11.9604,7.48,7.82,resolution-1d,36.84,6.23,0.0462,30.61,13520.28,22.6047
551649,USO,Israel military action against Iran before August?,1,llm,1.0,YES,5.0,5.0,Israel-Iran Conflict,0.54,train,2025-06-13,1.0,80.22,2025-06-20,83.43,profit_lock_4%,4.04,-4.95,4.0,2025-06-13 00:00:00+00:00,2025-06-20 00:00:00+00:00,2025-06-12,2025-07-31,167,0.12,13396.74,112278.94,11.9317,7.43,7.28,profit_lock_4%,536.07,506.11,3.7779,29.96,13932.81,23.4192
553038,UNCY,FDA approves Unicycive’s Oxylanthanum Carbonate (OLC)?,1,llm,0.79,NO,5.0,5.0,Unicycive Therapeutics Regulatory Approval,0.95,train,2025-06-18,0.79,6.68,2025-06-20,6.34,poly<0.5347387666387801,0.0,-27.54,-5.09,2025-06-18 00:00:00+00:00,2025-06-20 00:00:00+00:00,2025-06-18,2025-06-28,2019,0.12,13486.92,112606.81,11.977,7.47,13.81,poly<0.5347387666387801,-686.46,-728.3,-5.4001,41.84,12800.46,21.5048
554005,USO,Israel strike on Iran on June 29?,1,llm,0.795,NO,6.0,6.0,Middle East Oil Disruption,0.585,train,2025-06-20,0.795,83.12,2025-06-24,73.0,poly<0.5347387666387801,0.54,-13.41,-12.18,2025-06-20 00:00:00+00:00,2025-06-24 00:00:00+00:00,2025-06-20,2025-06-30,160,0.12,13299.2,111605.52,11.9163,7.42,7.21,poly<0.5347387666387801,-1619.2,-1646.74,-12.3822,27.54,11680.0,19.2279
554004,XLE,Israel strike on Iran on June 28?,1,llm,0.785,NO,,0.0,Middle East Oil Disruption,0.52,train,2025-06-20,0.785,44.49,2025-06-24,42.46,poly<0.5347387666387801,0.51,-4.93,-4.57,2025-06-20 00:00:00+00:00,2025-06-24 00:00:00+00:00,2025-06-20,2025-06-29,300,0.12,13347.0,111590.9,11.9607,7.38,7.72,poly<0.5347387666387801,-609.0,-638.58,-4.7845,29.58,12738.0,20.9689
554677,USO,Will Iran strike a U.S. facility by Monday June  30?,1,llm,0.795,YES,6.0,6.0,Middle East Oil Disruption,0.675,train,2025-06-24,0.795,73.0,2025-06-27,73.28,resolution-1d,2.3,-1.41,0.38,2025-06-24 00:00:00+00:00,2025-06-27 00:00:00+00:00,2025-06-22,2025-06-30,182,0.12,13286.0,111106.0,11.958,7.37,7.28,resolution-1d,50.96,21.62,0.1627,29.34,13336.96,21.6654
554677,XLE,Will Iran strike a U.S. facility by Monday June  30?,1,llm,0.795,YES,,0.0,Middle East Oil Disruption,0.6,train,2025-06-24,0.795,42.46,2025-06-27,42.65,resolution-1d,1.19,-0.77,0.46,2025-06-24 00:00:00+00:00,2025-06-27 00:00:00+00:00,2025-06-22,2025-06-30,313,0.12,13289.98,111091.34,11.9631,7.37,7.74,resolution-1d,59.47,29.2,0.2197,30.27,13349.45,21.6849
566029,REGN,Will the FDA approve Odronextamab/Ordspono Resubmitted BLA?,1,llm,0.775,YES,6.0,6.0,Regeneron FDA Approval,0.95,train,2025-07-22,0.775,560.93,2025-07-30,554.58,resolution-1d,3.0,-2.5,-1.13,2025-07-22 00:00:00+00:00,2025-07-30 00:00:00+00:00,2025-07-22,2025-07-31,24,0.12,13462.32,114835.47,11.7231,7.61,7.08,resolution-1d,-152.4,-181.46,-1.3479,29.06,13309.92,20.9557
566028,PTCT,Will the FDA approve Sepiapterin NDA?,1,llm,0.73,YES,5.0,5.0,PTC Therapeutics FDA Approval,0.95,train,2025-07-25,0.73,44.74,2025-07-30,50.11,profit_lock_12%,12.85,-1.32,12.0,2025-07-25 00:00:00+00:00,2025-07-30 00:00:00+00:00,2025-07-22,2025-07-31,311,0.12,13914.14,116200.46,11.9743,7.71,8.05,profit_lock_12%,1670.07,1636.86,11.764,33.21,15584.21,24.5355
566025,ASND,Will the FDA approve TransCon hGH sBLA?,1,llm,0.695,YES,5.0,5.0,Ascendis Pharma FDA Approval,0.95,train,2025-07-28,0.695,164.16,2025-07-30,166.78,resolution-1d,1.12,-2.01,1.6,2025-07-28 00:00:00+00:00,2025-07-30 00:00:00+00:00,2025-07-22,2025-07-31,84,0.12,13789.44,115930.74,11.8946,7.69,7.24,resolution-1d,220.08,190.06,1.3783,30.02,14009.52,22.0572
569210,IONS,FDA approves Donidalorsen?,1,llm,0.75,YES,5.0,5.0,Ionis Pharmaceuticals Donidalorsen Approval,0.9,train,2025-07-29,0.75,41.48,2025-07-31,45.63,profit_lock_10%,10.08,-1.62,10.0,2025-07-29 00:00:00+00:00,2025-07-31 00:00:00+00:00,2025-07-29,2025-08-21,338,0.12,14020.24,117175.15,11.9652,7.77,8.19,profit_lock_10%,1402.7,1369.36,9.7671,33.34,15422.94,24.3728
569190,SNY,FDA approves Sanofi’s Rilzabrutinib for immune thrombocytopenia?,1,llm,0.76,YES,5.0,5.0,Sanofi FDA Approval,0.9,train,2025-07-29,0.76,49.35,2025-07-31,46.46,trailing_3.8ATR,0.0,-9.36,-5.86,2025-07-29 00:00:00+00:00,2025-07-31 00:00:00+00:00,2025-07-29,2025-08-29,284,0.12,14015.4,117144.07,11.9642,7.72,8.0,trailing_3.8ATR,-820.76,-851.38,-6.0746,30.62,13194.64,20.8514
569187,PGEN,FDA approves Precigen’s PRGN-2012 for recurrent respiratory papillomatosis?,1,llm,0.775,YES,4.0,4.0,Precigen FDA Approval,0.95,train,2025-07-29,0.775,1.57,2025-07-31,1.84,profit_lock_17%,17.83,0.0,17.0,2025-07-29 00:00:00+00:00,2025-07-31 00:00:00+00:00,2025-07-29,2025-08-27,8923,0.12,14009.11,117128.35,11.9605,7.75,38.24,profit_lock_17%,2409.21,2314.79,16.5235,94.42,16418.32,25.8984
569208,BIIB,FDA approves Leqembi auto-injection for early Alzheimer’s?,1,llm,0.775,YES,5.0,5.0,Eisai and Biogen Alzheimer's Approval,0.95,train,2025-07-29,0.775,127.9,2025-08-01,134.3,profit_lock_5%,5.89,-2.61,5.0,2025-07-29 00:00:00+00:00,2025-08-01 00:00:00+00:00,2025-07-29,2025-08-31,109,0.12,13941.1,117159.18,11.8993,7.76,7.35,profit_lock_5%,697.6,666.72,4.7824,30.88,14638.7,23.5201
569186,TLX,FDA approves Telix Pharmaceuticals’ TLX250-CDx for kidney cancer imaging?,1,llm,0.815,YES,5.0,5.0,Telix Pharmaceuticals FDA Approval,0.95,train,2025-07-29,0.815,13.49,2025-08-01,14.16,profit_lock_5%,5.04,-4.38,5.0,2025-07-29 00:00:00+00:00,2025-08-01 00:00:00+00:00,2025-07-29,2025-08-27,1040,0.12,14029.6,117082.37,11.9827,7.77,10.65,profit_lock_5%,696.8,659.26,4.6991,37.54,14726.4,23.6558
569182,TNXP,FDA approves Tonix Pharmaceuticals’ TNX-102 SL for fibromyalgia?,1,llm,0.805,YES,4.0,4.0,Tonix Pharmaceuticals FDA Approval,0.95,train,2025-07-29,0.805,42.63,2025-08-04,44.64,poly<0.5347387666387801,2.63,-16.35,4.71,2025-07-29 00:00:00+00:00,2025-08-04 00:00:00+00:00,2025-07-29,2025-08-15,107,0.12,4561.41,117063.95,3.8965,2.78,2.66,poly<0.5347387666387801,215.07,204.0,4.4723,11.07,4776.48,7.5587
569209,TVTX,FDA approves FILSPARI REMS modification?,1,llm,0.795,YES,4.0,4.0,Travere Therapeutics FILSPARI REMS,0.9,train,2025-07-31,0.795,15.45,2025-08-05,16.07,profit_lock_4%,4.85,-2.72,4.0,2025-07-31 00:00:00+00:00,2025-08-05 00:00:00+00:00,2025-07-29,2025-08-28,929,0.12,14353.05,119804.24,11.9804,7.93,10.43,profit_lock_4%,575.98,538.68,3.7531,37.3,14929.03,23.7433
569179,LENZ,FDA approves LENZ Therapeutics’ LNZ100 for presbyopia by August 31?,1,llm,0.805,YES,5.0,5.0,LENZ Therapeutics FDA Approval,0.95,train,2025-07-29,0.805,31.67,2025-08-07,32.12,resolution-1d,2.81,-12.25,1.42,2025-07-29 00:00:00+00:00,2025-08-07 00:00:00+00:00,2025-07-29,2025-08-08,1,0.12,31.67,117058.51,0.0271,0.0,0.37,resolution-1d,0.45,-0.65,-2.0608,1.1,32.12,0.0496
569189,OTLK,FDA approves Outlook Therapeutics’ ONS-5010 for wet AMD?,1,llm,0.695,NO,4.0,4.0,Outlook Therapeutics FDA Approval,0.95,train,2025-08-04,0.695,2.01,2025-08-11,1.96,poly<0.5347387666387801,1.99,-11.19,-2.49,2025-08-04 00:00:00+00:00,2025-08-11 00:00:00+00:00,2025-07-29,2025-08-31,7298,0.12,14668.98,122583.24,11.9665,8.11,32.88,poly<0.5347387666387801,-364.9,-446.46,-3.0436,81.56,14304.08,22.4297
598106,FDX,Will Fedex (FDX) beat its quarterly EPS estimate?,1,llm,0.76,YES,6.0,6.0,FedEx Earnings,1.0,train,2025-09-16,0.76,183.48,2025-09-18,182.51,poly<0.5347387666387801,2.27,-1.46,-0.53,2025-09-16 00:00:00+00:00,2025-09-18 00:00:00+00:00,2025-09-15,2025-09-25,83,0.12,15228.84,127975.29,11.8998,8.35,7.96,poly<0.5347387666387801,-80.51,-113.08,-0.7425,32.57,15148.33,22.8491
599650,CASH,Will Pathward Financial (CASH) beat its quarterly EPS estimate?,1,llm,0.715,NO,4.0,4.0,Pathward Financial Earnings,1.0,train,2025-09-16,0.715,74.62,2025-09-18,80.59,profit_lock_8%,8.07,-1.26,8.0,2025-09-16 00:00:00+00:00,2025-09-18 00:00:00+00:00,2025-09-16,2025-10-22,205,0.12,15297.1,127959.06,11.9547,8.4,8.37,profit_lock_8%,1223.85,1189.04,7.773,34.81,16520.95,24.9191
598105,FDS,Will Factset Research (FDS) beat its quarterly EPS estimate?,1,llm,0.73,NO,6.0,6.0,FactSet Research Systems Earnings,0.9,train,2025-09-17,0.73,336.04,2025-09-18,301.23,poly<0.5347387666387801,0.0,-11.36,-10.36,2025-09-17 00:00:00+00:00,2025-09-18 00:00:00+00:00,2025-09-15,2025-09-25,16,0.12,5376.64,129116.64,4.1642,3.29,3.04,poly<0.5347387666387801,-556.96,-568.94,-10.5817,11.98,4819.68,7.2691
598107,MU,Will Micron Tech (MU) beat its quarterly EPS estimate?,1,llm,0.775,YES,6.0,6.0,Micron Technology Earnings,1.0,train,2025-09-15,0.775,157.77,2025-09-19,170.39,profit_lock_8%,8.04,-1.59,8.0,2025-09-15 00:00:00+00:00,2025-09-19 00:00:00+00:00,2025-09-15,2025-09-30,97,0.12,15303.69,127915.44,11.9639,8.43,8.0,profit_lock_8%,1224.14,1190.03,7.7761,34.11,16527.83,24.8759
598111,JBL,Will Jabil (JBL) beat its quarterly EPS estimate?,1,llm,0.73,YES,5.0,5.0,Jabil Earnings,0.9,train,2025-09-16,0.73,213.33,2025-09-19,226.13,profit_lock_6%,6.17,-2.31,6.0,2025-09-16 00:00:00+00:00,2025-09-19 00:00:00+00:00,2025-09-15,2025-10-02,71,0.12,15146.43,127991.65,11.8339,8.44,7.92,profit_lock_6%,908.8,875.25,5.7786,33.55,16055.23,24.1646
599915,BLSH,Will Bullish (BLSH) beat its quarterly EPS estimate?,1,llm,0.715,YES,4.0,4.0,Bullish Earnings,1.0,train,2025-09-16,0.715,51.36,2025-09-19,66.25,profit_lock_29%,29.44,-5.53,29.0,2025-09-16 00:00:00+00:00,2025-09-19 00:00:00+00:00,2025-09-16,2025-09-24,298,0.12,15305.28,127942.3,11.9626,8.43,8.7,profit_lock_29%,4437.22,4398.42,28.7379,38.8,19742.5,29.7135
599651,MLKN,Will MillerKnoll (MLKN) beat its quarterly EPS estimate?,1,llm,0.705,YES,5.0,5.0,MillerKnoll Earnings,1.0,train,2025-09-17,0.705,20.04,2025-09-19,20.64,profit_lock_3%,3.44,-0.4,3.0,2025-09-17 00:00:00+00:00,2025-09-19 00:00:00+00:00,2025-09-16,2025-09-30,9,0.12,180.36,129110.32,0.1397,0.0,0.44,profit_lock_3%,5.4,4.07,2.2563,1.33,185.76,0.2785
598104,GIS,Will General Mills (GIS) beat its quarterly EPS estimate?,1,llm,0.73,YES,6.0,6.0,General Mills Earnings,1.0,train,2025-09-15,0.73,49.01,2025-09-22,50.48,profit_lock_3%,3.59,-1.2,3.0,2025-09-15 00:00:00+00:00,2025-09-22 00:00:00+00:00,2025-09-15,2025-09-24,312,0.12,15291.12,127932.57,11.9525,8.39,8.74,profit_lock_3%,458.64,423.89,2.7721,34.75,15749.76,23.5921
599652,PRGS,Will Progress Software (PRGS) beat its quarterly EPS estimate?,1,llm,0.705,YES,5.0,5.0,Progress Software Earnings,1.0,train,2025-09-16,0.705,42.11,2025-09-22,43.37,profit_lock_3%,3.7,-2.04,3.0,2025-09-16 00:00:00+00:00,2025-09-22 00:00:00+00:00,2025-09-16,2025-10-06,364,0.12,15328.04,127925.17,11.982,8.44,8.94,profit_lock_3%,458.64,423.42,2.7624,35.22,15786.68,23.6471
598110,ACN,Will Accenture (ACN) beat its quarterly EPS estimate?,1,llm,0.75,YES,6.0,6.0,Accenture Earnings,1.0,train,2025-09-15,0.75,237.87,2025-09-30,247.38,profit_lock_4%,4.73,-3.56,4.0,2025-09-15 00:00:00+00:00,2025-09-30 00:00:00+00:00,2025-09-15,2025-10-02,64,0.12,15223.68,127948.99,11.8982,8.45,7.96,profit_lock_4%,608.64,575.27,3.7788,33.37,15832.32,23.7404
613067,JNJ,Will Johnson & Johnson (JNJ) beat quarterly earnings?,1,llm,0.805,YES,6.0,6.0,Johnson & Johnson Earnings,0.95,train,2025-09-26,0.805,179.71,2025-10-01,185.1,profit_lock_3%,3.49,-1.33,3.0,2025-09-26 00:00:00+00:00,2025-10-01 00:00:00+00:00,2025-09-26,2025-10-14,38,0.12,6828.98,135171.33,5.0521,3.96,3.76,profit_lock_3%,204.82,189.17,2.7702,15.65,7033.8,10.5107
613049,LEVI,Will Levi Strauss & Co. (LEVI) beat quarterly earnings?,1,llm,0.825,YES,5.0,5.0,Levi Strauss Earnings,1.0,train,2025-09-26,0.825,23.02,2025-10-02,24.4,profit_lock_6%,6.08,-1.39,6.0,2025-09-26 00:00:00+00:00,2025-10-02 00:00:00+00:00,2025-09-26,2025-10-09,703,0.12,16183.06,135208.28,11.969,8.88,10.55,profit_lock_6%,970.14,930.28,5.7485,39.86,17153.2,25.6011
613057,C,Will Citigroup (C) beat quarterly earnings?,1,llm,0.805,YES,6.0,6.0,Citigroup Earnings,0.95,train,2025-09-26,0.805,103.42,2025-10-02,97.4,trailing_3.8ATR,0.94,-6.5,-5.82,2025-09-26 00:00:00+00:00,2025-10-02 00:00:00+00:00,2025-09-26,2025-10-14,156,0.12,16133.52,135188.85,11.9341,8.9,8.61,trailing_3.8ATR,-939.12,-973.13,-6.0318,34.01,15194.4,22.68
613050,PEP,Will PepsiCo (PEP) beat quarterly earnings?,1,llm,0.8,YES,6.0,6.0,PepsiCo Earnings,1.0,train,2025-09-26,0.8,140.44,2025-10-07,140.79,resolution-1d,2.09,-1.11,0.25,2025-09-26 00:00:00+00:00,2025-10-07 00:00:00+00:00,2025-09-26,2025-10-09,115,0.12,16150.6,135225.64,11.9434,8.88,8.48,resolution-1d,40.25,5.51,0.0341,34.74,16190.85,24.1712
613051,DAL,Will Delta Air Lines (DAL) beat quarterly earnings?,1,llm,0.74,YES,6.0,6.0,Delta Air Lines Earnings,1.0,train,2025-10-01,0.74,56.11,2025-10-07,58.35,profit_lock_4%,4.31,-0.55,4.0,2025-10-01 00:00:00+00:00,2025-10-07 00:00:00+00:00,2025-09-26,2025-10-09,130,0.12,7294.3,134161.02,5.437,4.21,4.1,profit_lock_4%,291.2,274.29,3.7604,16.91,7585.5,11.3237
614615,TSLA,Will Tesla (TSLA) beat quarterly earnings?,1,llm,0.75,YES,6.0,6.0,Tesla Earnings,0.95,train,2025-10-02,0.75,436.0,2025-10-07,453.44,profit_lock_4%,4.03,-4.45,4.0,2025-10-02 00:00:00+00:00,2025-10-07 00:00:00+00:00,2025-10-02,2025-10-22,36,0.12,15696.0,133602.53,11.7483,8.81,8.2,profit_lock_4%,627.84,593.36,3.7803,34.48,16323.84,24.3699
613052,JPM,Will JPMorgan Chase (JPM) beat quarterly earnings?,1,llm,0.79,YES,6.0,6.0,JPMorgan Chase Earnings,1.0,train,2025-09-26,0.79,316.06,2025-10-10,300.89,resolution-1d,0.62,-4.83,-4.8,2025-09-26 00:00:00+00:00,2025-10-10 00:00:00+00:00,2025-09-26,2025-10-14,51,0.12,16119.06,135295.24,11.914,8.92,8.41,resolution-1d,-773.67,-807.46,-5.0094,33.79,15345.39,23.4739
613056,GS,Will Goldman Sachs (GS) beat quarterly earnings?,1,llm,0.775,YES,6.0,6.0,Goldman Sachs Earnings,1.0,train,2025-09-26,0.775,802.51,2025-10-10,764.36,resolution-1d,0.89,-4.8,-4.75,2025-09-26 00:00:00+00:00,2025-10-10 00:00:00+00:00,2025-09-26,2025-10-14,20,0.12,16050.2,135260.48,11.8661,8.9,8.38,resolution-1d,-763.0,-796.68,-4.9637,33.68,15287.2,23.3849
613055,WFC,Will Wells Fargo (WFC) beat quarterly earnings?,1,llm,0.86,YES,6.0,6.0,Wells Fargo Earnings,1.0,train,2025-09-26,0.86,85.01,2025-10-10,79.14,trailing_3.8ATR,0.21,-8.69,-6.91,2025-09-26 00:00:00+00:00,2025-10-10 00:00:00+00:00,2025-09-26,2025-10-14,190,0.12,16151.9,135243.21,11.9429,8.83,8.74,trailing_3.8ATR,-1115.3,-1149.33,-7.1158,34.03,15036.6,23.001
614639,CFG,Will Citizens Financial Group (CFG) beat quarterly earnings?,1,llm,0.755,YES,5.0,5.0,Citizens Financial Group Earnings,0.95,train,2025-09-29,0.755,53.65,2025-10-10,51.4,trailing_3.8ATR,2.96,-8.28,-4.19,2025-09-29 00:00:00+00:00,2025-10-10 00:00:00+00:00,2025-09-27,2025-10-15,1,0.12,53.65,135399.24,0.0396,0.0,0.38,trailing_3.8ATR,-2.25,-3.38,-6.3047,1.13,51.4,0.0776
613066,DPZ,Will Domino’s Pizza (DPZ) beat quarterly earnings?,1,llm,0.695,YES,5.0,5.0,Domino's Pizza Earnings,0.95,train,2025-09-30,0.695,431.71,2025-10-10,406.37,resolution-1d,0.98,-6.33,-5.87,2025-09-30 00:00:00+00:00,2025-10-10 00:00:00+00:00,2025-09-26,2025-10-14,36,0.12,15541.56,134800.02,11.5293,8.7,8.12,resolution-1d,-912.24,-944.79,-6.0791,32.55,14629.32,22.3785
619557,TFC,Will Truist Financial (TFC) beat quarterly earnings?,1,llm,0.8,YES,6.0,6.0,Truist Financial Earnings,0.98,train,2025-10-06,0.8,45.33,2025-10-10,42.48,trailing_3.8ATR,1.43,-6.68,-6.29,2025-10-06 00:00:00+00:00,2025-10-10 00:00:00+00:00,2025-10-04,2025-10-17,356,0.12,16137.48,134688.49,11.9813,8.88,9.31,trailing_3.8ATR,-1014.6,-1049.92,-6.5061,35.32,15122.88,23.1321
619538,KEY,Will Key (KEY) beat quarterly earnings?,1,llm,0.72,YES,6.0,6.0,KeyCorp Earnings,0.98,train,2025-10-07,0.72,18.41,2025-10-14,18.01,resolution-1d,0.49,-6.68,-2.17,2025-10-07 00:00:00+00:00,2025-10-14 00:00:00+00:00,2025-10-04,2025-10-16,873,0.12,16071.93,134183.66,11.9776,8.84,11.09,resolution-1d,-349.2,-388.69,-2.4184,39.49,15722.73,23.7126
627451,AXP,Will American Express (AXP) beat quarterly earnings?,1,llm,0.845,YES,7.0,7.0,American Express Earnings,0.99,train,2025-10-08,0.845,323.82,2025-10-15,333.53,profit_lock_3%,3.86,-2.43,3.0,2025-10-08 00:00:00+00:00,2025-10-15 00:00:00+00:00,2025-10-08,2025-10-17,49,0.12,15867.18,132975.75,11.9324,8.77,8.28,profit_lock_3%,475.79,441.25,2.7809,34.54,16342.97,24.5433
627753,LVS,Will Las Vegas Sands (LVS) beat quarterly earnings?,1,llm,0.755,NO,6.0,6.0,Las Vegas Sands Earnings,1.0,train,2025-10-13,0.755,46.47,2025-10-15,48.33,profit_lock_4%,4.17,-1.21,4.0,2025-10-13 00:00:00+00:00,2025-10-15 00:00:00+00:00,2025-10-09,2025-10-22,339,0.12,15753.33,131482.12,11.9813,8.67,9.06,profit_lock_4%,630.54,594.44,3.7734,36.1,16383.87,24.6035
627739,AAL,Will American Airlines Group (AAL) beat quarterly earnings?,1,llm,0.85,YES,6.0,6.0,American Airlines Earnings,1.0,train,2025-10-13,0.85,11.74,2025-10-15,12.21,profit_lock_4%,4.6,-1.87,4.0,2025-10-13 00:00:00+00:00,2025-10-15 00:00:00+00:00,2025-10-10,2025-10-23,1341,0.12,15743.34,131464.39,11.9754,8.67,12.57,profit_lock_4%,630.27,587.17,3.7296,43.1,16373.61,24.5828
627454,CB,Will Chubb (CB) beat quarterly earnings?,1,llm,0.82,YES,6.0,6.0,Chubb Earnings,0.98,train,2025-10-08,0.82,287.1,2025-10-16,274.86,trailing_3.8ATR,0.79,-7.59,-4.26,2025-10-08 00:00:00+00:00,2025-10-16 00:00:00+00:00,2025-10-08,2025-10-21,30,0.12,8613.0,132958.7,6.478,4.92,4.66,trailing_3.8ATR,-367.2,-385.95,-4.481,18.75,8245.8,12.4677
637819,NTRS,Will Northern Trust (NTRS) beat quarterly earnings?,1,llm,0.77,YES,6.0,6.0,Northern Trust Earnings,1.0,train,2025-10-17,0.77,124.82,2025-10-21,129.81,profit_lock_4%,4.3,-2.96,4.0,2025-10-17 00:00:00+00:00,2025-10-21 00:00:00+00:00,2025-10-17,2025-10-22,128,0.12,15976.96,133649.57,11.9544,8.81,8.44,profit_lock_4%,638.72,603.6,3.778,35.12,16615.68,24.7253
637847,RJF,Will Raymond James Financial (RJF) beat quarterly earnings?,1,llm,0.7,NO,6.0,6.0,Raymond James Financial Earnings,1.0,train,2025-10-17,0.7,161.49,2025-10-21,165.75,resolution-1d,2.97,-1.96,2.64,2025-10-17 00:00:00+00:00,2025-10-21 00:00:00+00:00,2025-10-17,2025-10-22,99,0.12,15987.51,133612.11,11.9656,8.81,8.34,resolution-1d,421.74,387.03,2.4208,34.71,16409.25,24.4182
637880,STBA,Will S&T Bancorp (STBA) beat quarterly earnings?,1,llm,0.695,YES,5.0,5.0,S&T Bancorp Earnings,1.0,train,2025-10-17,0.695,34.99,2025-10-22,35.69,resolution-1d,2.94,-0.77,2.0,2025-10-17 00:00:00+00:00,2025-10-22 00:00:00+00:00,2025-10-17,2025-10-23,458,0.12,16025.42,133702.49,11.9859,8.81,9.62,resolution-1d,320.6,283.43,1.7686,37.17,16346.02,24.4494
637886,UNP,Will Union Pacific (UNP) beat quarterly earnings?,1,llm,0.695,YES,7.0,7.0,Union Pacific Earnings,1.0,train,2025-10-17,0.695,226.04,2025-10-22,225.24,resolution-1d,1.4,-0.54,-0.35,2025-10-17 00:00:00+00:00,2025-10-22 00:00:00+00:00,2025-10-17,2025-10-23,70,0.12,15822.8,133684.07,11.836,8.82,8.26,resolution-1d,-56.0,-89.98,-0.5687,33.98,15766.8,23.5848
637883,SSNC,Will SS&C Technologies Holdings (SSNC) beat quarterly earnings?,1,llm,0.74,YES,6.0,6.0,SS&C Technologies Earnings,1.0,train,2025-10-17,0.74,79.68,2025-10-22,82.07,profit_lock_3%,3.94,-0.77,3.0,2025-10-17 00:00:00+00:00,2025-10-22 00:00:00+00:00,2025-10-17,2025-10-23,201,0.12,16015.68,133666.99,11.9818,8.71,8.71,profit_lock_3%,480.39,444.97,2.7783,35.42,16496.07,24.6752
637879,PCG,Will PG&E (PCG) beat quarterly earnings?,1,llm,0.695,YES,6.0,6.0,PG&E Earnings,1.0,train,2025-10-17,0.695,16.42,2025-10-22,16.91,profit_lock_3%,3.96,-0.3,3.0,2025-10-17 00:00:00+00:00,2025-10-22 00:00:00+00:00,2025-10-17,2025-10-23,975,0.12,16009.5,133632.32,11.9803,8.79,11.42,profit_lock_3%,477.75,436.84,2.7286,40.91,16487.25,24.6579
637884,TMUS,Will T-Mobile US (TMUS) beat quarterly earnings?,1,llm,0.76,YES,7.0,7.0,T-Mobile US Earnings,1.0,train,2025-10-17,0.76,229.33,2025-10-22,227.4,resolution-1d,0.53,-4.6,-0.84,2025-10-17 00:00:00+00:00,2025-10-22 00:00:00+00:00,2025-10-17,2025-10-23,28,0.12,6421.24,133594.96,4.8065,3.74,3.56,resolution-1d,-54.04,-68.58,-1.068,14.54,6367.2,9.5237
637871,F,Will Ford Motor (F) beat quarterly earnings?,1,llm,0.695,YES,6.0,6.0,Ford Motor Earnings,1.0,train,2025-10-17,0.695,11.92,2025-10-22,12.52,profit_lock_5%,5.96,-1.68,5.0,2025-10-17 00:00:00+00:00,2025-10-22 00:00:00+00:00,2025-10-17,2025-10-24,2,0.12,23.84,133587.66,0.0178,0.0,0.36,profit_lock_5%,1.2,0.11,0.4808,1.09,25.04,0.0364
643048,UPS,Will United Parcel Service (UPS) beat quarterly earnings?,1,llm,0.755,YES,7.0,7.0,United Parcel Service Earnings,0.98,train,2025-10-22,0.755,87.08,2025-10-27,89.22,resolution-1d,1.6,-0.9,2.46,2025-10-22 00:00:00+00:00,2025-10-27 00:00:00+00:00,2025-10-22,2025-10-28,186,0.12,16196.88,135493.52,11.954,8.89,8.75,resolution-1d,398.04,362.35,2.2372,35.69,16594.92,24.1913
643023,LH,Will Labcorp Holdings (LH) beat quarterly earnings?,1,llm,0.78,YES,7.0,7.0,Labcorp Holdings Earnings,0.9,train,2025-10-22,0.78,282.84,2025-10-27,275.66,resolution-1d,1.29,-3.03,-2.54,2025-10-22 00:00:00+00:00,2025-10-27 00:00:00+00:00,2025-10-22,2025-10-28,57,0.12,16121.88,135458.55,11.9017,8.88,8.41,resolution-1d,-409.26,-443.39,-2.7502,34.13,15712.62,22.9055
643022,JBLU,Will JetBlue Airways (JBLU) beat quarterly earnings?,1,llm,0.795,YES,5.0,5.0,JetBlue Airways Earnings,0.95,train,2025-10-22,0.795,4.62,2025-10-27,4.72,resolution-1d,1.73,-2.16,2.16,2025-10-22 00:00:00+00:00,2025-10-27 00:00:00+00:00,2025-10-22,2025-10-28,3511,0.12,16220.82,135441.27,11.9763,8.87,20.4,resolution-1d,351.1,292.17,1.8012,58.93,16571.92,24.1408
643018,IART,Will Integra LifeSciences Holdings (IART) beat quarterly earnings?,1,llm,0.695,YES,5.0,5.0,Integra LifeSciences Earnings,0.9,train,2025-10-22,0.695,15.46,2025-10-27,16.23,profit_lock_5%,5.24,-1.29,5.0,2025-10-22 00:00:00+00:00,2025-10-27 00:00:00+00:00,2025-10-22,2025-11-03,459,0.12,7096.14,135412.0,5.2404,4.1,5.15,profit_lock_5%,353.43,334.57,4.7148,18.86,7449.57,10.8575
627749,VZ,Will Verizon Communications (VZ) beat quarterly earnings?,1,llm,0.71,YES,7.0,7.0,Verizon Communications Earnings,1.0,train,2025-10-10,0.71,39.85,2025-10-28,39.32,resolution-1d,2.56,-3.66,-1.33,2025-10-10 00:00:00+00:00,2025-10-28 00:00:00+00:00,2025-10-09,2025-10-29,390,0.12,15541.5,129775.04,11.9757,8.57,9.14,resolution-1d,-206.7,-241.88,-1.5563,35.18,15334.8,22.294
642130,GOOGL,Will Alphabet (GOOGL) beat quarterly earnings?,1,llm,0.88,YES,7.0,7.0,Alphabet Earnings,1.0,train,2025-10-21,0.88,250.46,2025-10-28,267.99,profit_lock_7%,7.86,-2.52,7.0,2025-10-21 00:00:00+00:00,2025-10-28 00:00:00+00:00,2025-10-21,2025-10-29,65,0.12,16279.9,135873.1,11.9817,8.96,8.49,profit_lock_7%,1139.45,1103.41,6.7777,36.04,17419.35,25.3264
643053,PAG,Will Penske Automotive Group (PAG) beat quarterly earnings?,1,llm,0.71,YES,6.0,6.0,Penske Automotive Group Earnings,0.9,train,2025-10-22,0.71,169.88,2025-10-28,163.04,resolution-1d,0.19,-4.53,-4.03,2025-10-22 00:00:00+00:00,2025-10-28 00:00:00+00:00,2025-10-22,2025-10-29,95,0.12,16138.6,135475.88,11.9125,8.91,8.42,resolution-1d,-649.8,-683.74,-4.2367,33.94,15488.8,22.5194
648224,WAY,Will Waystar Holding (WAY) beat quarterly earnings?,1,llm,0.735,YES,,0.0,Waystar Holding Earnings,1.0,train,2025-10-27,0.735,39.33,2025-10-28,39.49,resolution-1d,0.0,-0.86,0.41,2025-10-27 00:00:00+00:00,2025-10-28 00:00:00+00:00,2025-10-25,2025-10-29,418,0.12,16439.94,137390.35,11.9659,9.03,9.68,resolution-1d,66.88,29.4,0.1788,37.48,16506.82,23.998
613046,XOM,Will Exxon Mobil (XOM) beat quarterly earnings?,1,llm,0.775,YES,6.0,6.0,Exxon Mobil Earnings,1.0,train,2025-09-26,0.775,117.22,2025-10-29,116.45,resolution-1d,0.0,-5.83,-0.66,2025-09-26 00:00:00+00:00,2025-10-29 00:00:00+00:00,2025-09-26,2025-10-31,138,0.12,16176.36,135277.92,11.9579,8.87,8.57,resolution-1d,-106.26,-141.04,-0.8719,34.78,16070.1,23.3532
642131,AMZN,Will Amazon.com (AMZN) beat quarterly earnings?,1,llm,0.86,YES,7.0,7.0,Amazon Earnings,1.0,train,2025-10-21,0.86,222.03,2025-10-29,230.91,profit_lock_4%,4.26,-2.48,4.0,2025-10-21 00:00:00+00:00,2025-10-29 00:00:00+00:00,2025-10-21,2025-10-30,73,0.12,16208.19,135855.66,11.9304,8.95,8.45,profit_lock_4%,648.24,612.82,3.781,35.42,16856.43,24.4962
648377,FOXA,Will Fox (FOXA) beat quarterly earnings?,1,llm,0.725,YES,,0.0,Fox Corporation Earnings,1.0,train,2025-10-27,0.725,61.27,2025-10-29,60.81,resolution-1d,1.45,-2.77,-0.75,2025-10-27 00:00:00+00:00,2025-10-29 00:00:00+00:00,2025-10-25,2025-10-30,268,0.12,16420.36,137408.55,11.95,9.05,9.15,resolution-1d,-123.28,-159.51,-0.9714,36.23,16297.08,23.6824
648240,CVX,Will Chevron (CVX) beat quarterly earnings?,1,llm,0.695,YES,,0.0,Chevron Earnings,1.0,train,2025-10-27,0.695,155.28,2025-10-30,153.52,resolution-1d,0.61,-1.31,-1.13,2025-10-27 00:00:00+00:00,2025-10-30 00:00:00+00:00,2025-10-25,2025-10-31,106,0.12,16459.68,137371.64,11.9819,9.04,8.6,resolution-1d,-186.56,-221.64,-1.3465,35.08,16273.12,23.9114
648376,CL,Will Colgate-Palmolive (CL) beat quarterly earnings?,1,llm,0.715,YES,,0.0,Colgate-Palmolive Earnings,1.0,train,2025-10-27,0.715,77.83,2025-10-30,76.51,resolution-1d,0.0,-3.15,-1.7,2025-10-27 00:00:00+00:00,2025-10-30 00:00:00+00:00,2025-10-25,2025-10-31,88,0.12,6849.04,137354.01,4.9864,3.98,3.77,resolution-1d,-116.16,-131.53,-1.9204,15.37,6732.88,9.8926
652465,PLTR,Will Palantir Technologies (PLTR) beat quarterly earnings?,1,llm,0.705,YES,,0.0,Palantir Technologies Earnings,1.0,train,2025-10-28,0.705,189.6,2025-10-30,199.08,profit_lock_5%,5.41,-1.49,5.0,2025-10-28 00:00:00+00:00,2025-10-30 00:00:00+00:00,2025-10-28,2025-11-03,81,0.12,15357.6,136766.04,11.2291,8.55,8.03,profit_lock_5%,767.88,734.03,4.7796,33.85,16125.48,23.6945
652568,HESM,Will Hess Midstream (HESM) beat quarterly earnings?,1,llm,0.7,YES,,0.0,Hess Midstream Earnings,1.0,train,2025-10-28,0.7,33.85,2025-10-31,33.95,resolution-1d,1.06,-1.03,0.3,2025-10-28 00:00:00+00:00,2025-10-31 00:00:00+00:00,2025-10-28,2025-11-03,484,0.12,16383.4,136784.92,11.9775,9.0,9.89,resolution-1d,48.4,10.59,0.0646,37.81,16431.8,24.0637
652567,HIMS,Will Hims & Hers Health (HIMS) beat quarterly earnings?,1,llm,0.735,YES,,0.0,Hims & Hers Health Earnings,1.0,train,2025-10-30,0.735,44.06,2025-10-31,45.46,poly<0.5347387666387801,0.0,-0.02,3.18,2025-10-30 00:00:00+00:00,2025-10-31 00:00:00+00:00,2025-10-28,2025-11-03,368,0.12,16214.08,135330.25,11.9811,8.89,9.4,poly<0.5347387666387801,515.2,478.09,2.9486,37.11,16729.28,24.5
656785,SONO,Will Sonos (SONO) beat quarterly earnings?,1,llm,0.81,YES,5.0,5.0,Sonos Earnings,1.0,train,2025-10-30,0.81,16.86,2025-10-31,17.17,poly<0.5347387666387801,0.0,-2.55,1.84,2025-10-30 00:00:00+00:00,2025-10-31 00:00:00+00:00,2025-10-30,2025-11-05,403,0.12,6794.58,135311.96,5.0214,3.94,4.81,poly<0.5347387666387801,124.93,107.31,1.5794,17.62,6919.51,10.132
655400,HOOD,Will Robinhood Markets (HOOD) beat quarterly earnings?,1,llm,0.82,YES,,0.0,Robinhood Markets Earnings,0.95,train,2025-10-29,0.82,144.8,2025-11-03,149.14,profit_lock_3%,3.92,-5.21,3.0,2025-10-29 00:00:00+00:00,2025-11-03 00:00:00+00:00,2025-10-29,2025-11-05,113,0.12,16362.4,136726.55,11.9672,8.92,8.58,profit_lock_3%,490.42,454.86,2.7799,35.56,16852.82,24.636
0x798fecf33230e3b20823dcb611efc3646bc711f9b17b3cc0b580e6b88dbe44b1,PJT,Will PJT Partners (PJT) beat quarterly earnings?,1,llm,0.77,YES,,,PJT Partners Earnings,1.0,train,2025-10-31,0.77,161.11,2025-11-03,162.42,resolution-1d,0.0,-0.8,0.81,2025-10-31 00:00:00+00:00,2025-11-03 00:00:00+00:00,2025-10-31,2025-11-04,101,0.12,16272.11,136282.62,11.94,8.98,8.49,resolution-1d,132.31,97.28,0.5979,35.03,16404.42,23.9805
657445,AMD,Will Advanced Micro Devices (AMD) beat quarterly earnings?,1,llm,0.815,YES,7.0,7.0,Advanced Micro Devices Earnings,1.0,train,2025-10-31,0.815,256.12,2025-11-03,259.65,resolution-1d,0.0,-1.06,1.38,2025-10-31 00:00:00+00:00,2025-11-03 00:00:00+00:00,2025-10-31,2025-11-04,63,0.12,16135.56,136265.15,11.8413,8.95,8.42,resolution-1d,222.39,187.52,1.1621,34.87,16357.95,23.9126
652657,FTDR,Will Frontdoor (FTDR) beat quarterly earnings?,1,llm,0.77,YES,,0.0,Frontdoor Earnings,0.95,train,2025-10-28,0.77,68.12,2025-11-04,65.74,resolution-1d,1.09,-6.03,-3.49,2025-10-28 00:00:00+00:00,2025-11-04 00:00:00+00:00,2025-10-28,2025-11-05,240,0.12,16348.8,136821.1,11.949,9.0,9.01,resolution-1d,-571.2,-606.61,-3.7104,35.41,15777.6,23.3401
652605,NYT,Will New York Times (NYT) beat quarterly earnings?,1,llm,0.84,YES,,0.0,New York Times Earnings,0.95,train,2025-10-28,0.84,57.42,2025-11-04,57.75,resolution-1d,0.3,-2.59,0.57,2025-10-28 00:00:00+00:00,2025-11-04 00:00:00+00:00,2025-10-28,2025-11-05,285,0.12,16364.7,136803.09,11.9622,8.99,9.18,resolution-1d,94.05,57.63,0.3521,36.42,16458.75,24.3476
652646,LYFT,Will Lyft (LYFT) beat quarterly earnings?,1,llm,0.855,YES,,0.0,Lyft Earnings,0.95,train,2025-10-28,0.855,20.03,2025-11-04,21.03,profit_lock_5%,5.17,-3.22,5.0,2025-10-28 00:00:00+00:00,2025-11-04 00:00:00+00:00,2025-10-28,2025-11-05,9,0.12,180.27,136749.45,0.1318,0.0,0.44,profit_lock_5%,9.0,7.67,4.2525,1.33,189.27,0.279
655450,HUM,Will Humana (HUM) beat quarterly earnings?,1,llm,0.7,YES,,0.0,Humana Earnings,0.95,train,2025-10-29,0.7,292.67,2025-11-04,281.87,resolution-1d,0.4,-7.26,-3.69,2025-10-29 00:00:00+00:00,2025-11-04 00:00:00+00:00,2025-10-29,2025-11-05,56,0.12,16389.52,136761.58,11.984,9.01,8.54,resolution-1d,-604.8,-639.27,-3.9005,34.47,15784.72,23.3514
655439,DASH,Will DoorDash (DASH) beat quarterly earnings?,1,llm,0.7,NO,,0.0,DoorDash Earnings,0.95,train,2025-10-29,0.7,266.06,2025-11-04,239.93,poly<0.5347387666387801,0.0,-11.15,-9.82,2025-10-29 00:00:00+00:00,2025-11-04 00:00:00+00:00,2025-10-29,2025-11-05,61,0.12,16229.66,136744.02,11.8686,9.01,8.46,poly<0.5347387666387801,-1593.93,-1627.13,-10.0257,33.2,14635.73,21.6516
648227,ABNB,Will Airbnb (ABNB) beat quarterly earnings?,1,llm,0.755,YES,,0.0,Airbnb Earnings,1.0,train,2025-10-30,0.755,126.34,2025-11-05,122.5,resolution-1d,0.78,-3.75,-3.04,2025-10-30 00:00:00+00:00,2025-11-05 00:00:00+00:00,2025-10-25,2025-11-06,128,0.12,16171.52,135347.69,11.9481,8.91,8.53,resolution-1d,-491.52,-525.87,-3.2518,34.35,15680.0,23.1162
657295,ICUI,Will ICU Medical (ICUI) beat quarterly earnings?,1,llm,0.825,YES,5.0,5.0,ICU Medical Earnings,1.0,train,2025-10-31,0.825,120.09,2025-11-05,126.09,profit_lock_5%,5.91,-4.24,5.0,2025-10-31 00:00:00+00:00,2025-11-05 00:00:00+00:00,2025-10-31,2025-11-06,63,0.12,7565.67,136247.78,5.5529,4.25,4.13,profit_lock_5%,378.0,360.76,4.7684,17.24,7943.67,11.7105
657072,H,Will Hyatt Hotels (H) beat quarterly earnings?,1,llm,0.875,NO,6.0,6.0,Hyatt Hotels Earnings,1.0,train,2025-11-03,0.875,136.66,2025-11-05,138.0,resolution-1d,0.61,-1.81,0.98,2025-11-03 00:00:00+00:00,2025-11-05 00:00:00+00:00,2025-10-31,2025-11-06,119,0.12,16262.54,136154.77,11.9442,8.96,8.55,resolution-1d,159.46,124.31,0.7644,35.15,16422.0,24.2102
657003,WBD,Will Warner Bros. Discovery (WBD) beat quarterly earnings?,1,llm,0.84,YES,5.0,5.0,Warner Bros. Discovery Earnings,1.0,train,2025-11-03,0.84,22.29,2025-11-05,22.76,resolution-1d,1.48,-1.44,2.11,2025-11-03 00:00:00+00:00,2025-11-05 00:00:00+00:00,2025-10-31,2025-11-06,732,0.12,16316.28,136137.26,11.9852,8.94,10.72,resolution-1d,344.04,304.35,1.8653,39.69,16660.32,24.5584
658589,CELH,Will Celsius Holdings (CELH) beat quarterly earnings?,1,llm,0.855,NO,5.0,5.0,Celsius Holdings Earnings,1.0,train,2025-11-03,0.855,59.25,2025-11-05,59.92,resolution-1d,1.1,-4.02,1.13,2025-11-03 00:00:00+00:00,2025-11-05 00:00:00+00:00,2025-11-01,2025-11-06,275,0.12,16293.75,136117.6,11.9703,8.97,9.11,resolution-1d,184.25,147.93,0.9079,36.32,16478.0,24.292
668475,PXLW,Will Pixelworks (PXLW) beat quarterly earnings?,1,llm,0.835,YES,3.0,3.0,Pixelworks Earnings,0.95,train,2025-11-07,0.835,6.28,2025-11-10,6.13,resolution-1d,0.0,-8.44,-2.39,2025-11-07 00:00:00+00:00,2025-11-10 00:00:00+00:00,2025-11-07,2025-11-11,2581,0.12,16208.68,135298.73,11.9799,8.89,17.14,resolution-1d,-387.15,-438.81,-2.7073,51.66,15821.53,23.1802
668514,SPCE,Will Virgin Galactic Holdings (SPCE) beat quarterly earnings?,1,llm,0.735,YES,3.0,3.0,Virgin Galactic Earnings,0.95,train,2025-11-07,0.735,3.59,2025-11-11,3.73,profit_lock_4%,4.46,-6.69,4.0,2025-11-07 00:00:00+00:00,2025-11-11 00:00:00+00:00,2025-11-07,2025-11-13,4517,0.12,16216.03,135410.02,11.9755,8.91,23.92,profit_lock_4%,632.38,566.09,3.4909,66.29,16848.41,24.6193
668512,GAMB,Will Gambling.com Group (GAMB) beat quarterly earnings?,1,llm,0.775,YES,4.0,4.0,Gambling.com Group Earnings,0.95,train,2025-11-07,0.775,6.65,2025-11-11,6.92,profit_lock_4%,4.96,-2.78,4.0,2025-11-07 00:00:00+00:00,2025-11-11 00:00:00+00:00,2025-11-07,2025-11-13,2439,0.12,16219.35,135377.18,11.9809,8.92,16.65,profit_lock_4%,658.53,606.74,3.7408,51.79,16877.88,24.673
668496,CSCO,Will Cisco Systems (CSCO) beat quarterly earnings?,1,llm,0.885,YES,7.0,7.0,Cisco Systems Earnings,1.0,train,2025-11-07,0.885,71.07,2025-11-11,71.71,resolution-1d,2.01,-0.75,0.9,2025-11-07 00:00:00+00:00,2025-11-11 00:00:00+00:00,2025-11-07,2025-11-12,228,0.12,16203.96,135351.61,11.9718,8.92,8.9,resolution-1d,145.92,110.16,0.6798,35.76,16349.88,23.9121
668460,CRCL,Will Circle Internet Group (CRCL) beat quarterly earnings?,1,llm,0.765,YES,3.0,3.0,Circle Internet Group Earnings,0.95,train,2025-11-07,0.765,103.14,2025-11-11,110.36,profit_lock_7%,7.17,-6.83,7.0,2025-11-07 00:00:00+00:00,2025-11-11 00:00:00+00:00,2025-11-07,2025-11-12,157,0.12,16192.98,135333.79,11.9652,8.91,8.65,profit_lock_7%,1133.54,1097.28,6.7763,36.26,17326.52,25.3409
668497,DIS,Will The Walt Disney Company (DIS) beat quarterly earnings?,1,llm,0.905,YES,6.0,6.0,The Walt Disney Company Earnings,1.0,train,2025-11-07,0.905,110.74,2025-11-12,116.65,resolution-1d,3.82,-0.63,5.34,2025-11-07 00:00:00+00:00,2025-11-12 00:00:00+00:00,2025-11-07,2025-11-13,146,0.12,16168.04,135316.23,11.9483,8.9,8.6,resolution-1d,862.86,827.0,5.1151,35.86,17030.9,24.8947
668506,AMAT,Will Applied Materials (AMAT) beat quarterly earnings?,1,llm,0.8,YES,6.0,6.0,Applied Materials Earnings,1.0,train,2025-11-07,0.8,230.07,2025-11-12,230.73,resolution-1d,2.81,-2.91,0.29,2025-11-07 00:00:00+00:00,2025-11-12 00:00:00+00:00,2025-11-07,2025-11-13,70,0.12,16104.9,135272.7,11.9055,8.92,8.4,resolution-1d,46.2,11.59,0.072,34.61,16151.1,23.6088
675619,ANF,Will Abercrombie & Fitch (ANF) beat quarterly earnings?,1,llm,0.745,YES,6.0,6.0,Abercrombie & Fitch Earnings,1.0,train,2025-11-11,0.745,69.69,2025-11-13,71.78,profit_lock_3%,3.46,-0.07,3.0,2025-11-11 00:00:00+00:00,2025-11-13 00:00:00+00:00,2025-11-11,2025-11-25,237,0.12,16516.53,138189.1,11.9521,9.1,9.09,profit_lock_3%,495.33,458.49,2.7759,36.84,17011.86,25.286
675024,AS,Will Amer Sports (AS) beat quarterly earnings?,1,llm,0.8,YES,4.0,4.0,Amer Sports Earnings,0.95,train,2025-11-11,0.8,30.18,2025-11-13,31.99,profit_lock_6%,6.66,-0.66,6.0,2025-11-11 00:00:00+00:00,2025-11-13 00:00:00+00:00,2025-11-11,2025-11-18,1,0.12,30.18,138125.27,0.0218,0.0,0.37,profit_lock_6%,1.81,0.71,2.3442,1.1,31.99,0.0465
675629,SJM,Will The J. M. Smucker (SJM) beat quarterly earnings?,1,llm,0.745,NO,6.0,6.0,The J. M. Smucker Earnings,1.0,train,2025-11-11,0.745,108.53,2025-11-14,111.79,profit_lock_3%,3.53,-0.73,3.0,2025-11-11 00:00:00+00:00,2025-11-14 00:00:00+00:00,2025-11-11,2025-11-25,152,0.12,16496.56,138229.73,11.9342,9.09,8.78,profit_lock_3%,495.52,459.31,2.7843,36.21,16992.08,25.2612
675502,WB,Will Weibo (WB) beat quarterly earnings?,1,llm,0.805,NO,4.0,4.0,Weibo Earnings,0.95,train,2025-11-11,0.805,10.71,2025-11-17,9.95,resolution-1d,1.31,-7.56,-7.1,2025-11-11 00:00:00+00:00,2025-11-17 00:00:00+00:00,2025-11-11,2025-11-18,1546,0.12,16557.66,138211.86,11.9799,9.07,13.69,resolution-1d,-1174.96,-1219.28,-7.3638,44.32,15382.7,23.0762
674909,WSM,Will Williams-Sonoma (WSM) beat quarterly earnings?,1,llm,0.805,YES,6.0,6.0,Williams-Sonoma Earnings,0.95,train,2025-11-11,0.805,191.49,2025-11-18,180.75,resolution-1d,1.57,-8.02,-5.61,2025-11-11 00:00:00+00:00,2025-11-18 00:00:00+00:00,2025-11-11,2025-11-19,86,0.12,16468.14,138170.92,11.9187,9.08,8.58,resolution-1d,-923.64,-957.97,-5.8171,34.33,15544.5,23.5242
674922,PD,Will PagerDuty (PD) beat quarterly earnings?,1,llm,0.855,YES,5.0,5.0,PagerDuty Earnings,0.95,train,2025-11-11,0.855,16.11,2025-11-18,14.83,trailing_3.8ATR,1.3,-8.57,-7.97,2025-11-11 00:00:00+00:00,2025-11-18 00:00:00+00:00,2025-11-11,2025-11-25,1027,0.12,16544.97,138153.26,11.9758,9.05,11.87,trailing_3.8ATR,-1314.56,-1355.07,-8.1902,40.51,15230.41,23.0439
675504,NVDA,Will NVIDIA (NVDA) beat quarterly earnings?,1,llm,0.895,YES,7.0,7.0,NVIDIA Earnings,1.0,train,2025-11-11,0.895,193.16,2025-11-18,181.36,resolution-1d,1.41,-6.99,-6.11,2025-11-11 00:00:00+00:00,2025-11-18 00:00:00+00:00,2025-11-11,2025-11-19,32,0.12,6181.12,138132.34,4.4748,3.63,3.44,resolution-1d,-377.6,-391.33,-6.3311,13.73,5803.52,8.7821
675508,VIK,Will Viking Holdings (VIK) beat quarterly earnings?,1,llm,0.735,YES,4.0,4.0,Viking Holdings Earnings,0.95,train,2025-11-12,0.735,60.99,2025-11-18,58.27,resolution-1d,1.08,-7.08,-4.46,2025-11-12 00:00:00+00:00,2025-11-18 00:00:00+00:00,2025-11-11,2025-11-19,272,0.12,16589.28,138783.99,11.9533,9.14,9.25,resolution-1d,-739.84,-775.81,-4.6766,35.97,15849.44,23.9848
668520,SNEX,Will StoneX Group (SNEX) beat quarterly earnings?,1,llm,0.77,YES,4.0,4.0,StoneX Group Earnings,0.95,train,2025-11-13,0.77,59.27,2025-11-21,55.81,resolution-1d,2.07,-7.76,-5.85,2025-11-13 00:00:00+00:00,2025-11-21 00:00:00+00:00,2025-11-07,2025-11-24,275,0.12,16299.25,136414.83,11.9483,8.97,9.11,resolution-1d,-951.5,-986.66,-6.0534,35.16,15347.75,23.2625
675628,BBY,Will Best Buy (BBY) beat quarterly earnings?,1,llm,0.835,YES,6.0,6.0,Best Buy Earnings,1.0,train,2025-11-11,0.835,77.68,2025-11-24,75.62,resolution-1d,1.07,-6.01,-2.65,2025-11-11 00:00:00+00:00,2025-11-24 00:00:00+00:00,2025-11-11,2025-11-25,213,0.12,16545.84,138247.85,11.9682,9.11,9.02,resolution-1d,-438.78,-474.55,-2.8681,35.77,16107.06,24.0597
696258,AEO,Will American Eagle Outfitters (AEO) beat quarterly earnings?,1,llm,0.84,YES,6.0,6.0,American Eagle Outfitters Earnings,1.0,train,2025-11-24,0.84,19.1,2025-11-26,19.86,profit_lock_4%,4.82,-2.83,4.0,2025-11-24 00:00:00+00:00,2025-11-26 00:00:00+00:00,2025-11-22,2025-12-02,840,0.12,16044.0,133881.69,11.9837,8.82,10.96,profit_lock_4%,638.4,598.19,3.7285,40.21,16682.4,24.5144
696263,UNFI,Will United Natural Foods (UNFI) beat quarterly earnings?,1,llm,0.88,YES,5.0,5.0,United Natural Foods Earnings,1.0,train,2025-11-24,0.88,35.55,2025-11-28,38.04,profit_lock_7%,7.23,-1.63,7.0,2025-11-24 00:00:00+00:00,2025-11-28 00:00:00+00:00,2025-11-22,2025-12-02,451,0.12,16033.05,133900.11,11.9739,8.83,9.6,profit_lock_7%,1122.99,1085.01,6.7673,37.98,17156.04,25.0757
696247,MDB,Will MongoDB (MDB) beat quarterly earnings?,1,llm,0.885,YES,7.0,7.0,MongoDB Earnings,1.0,train,2025-11-24,0.885,330.63,2025-11-28,332.37,resolution-1d,0.87,-2.45,0.53,2025-11-24 00:00:00+00:00,2025-11-28 00:00:00+00:00,2025-11-22,2025-12-01,48,0.12,15870.24,133827.37,11.8587,8.65,8.29,resolution-1d,83.52,49.49,0.3118,34.03,15953.76,23.32
697475,KR,Will Kroger (KR) beat quarterly earnings?,1,llm,0.78,YES,7.0,7.0,Kroger Earnings,1.0,train,2025-11-24,0.78,64.29,2025-11-28,66.86,profit_lock_4%,4.95,-0.05,4.0,2025-11-24 00:00:00+00:00,2025-11-28 00:00:00+00:00,2025-11-23,2025-12-04,249,0.12,16008.21,133810.44,11.9633,8.73,8.88,profit_lock_4%,639.93,604.0,3.773,35.93,16648.14,24.3343
696259,ASAN,Will Asana (ASAN) beat quarterly earnings?,1,llm,0.845,YES,6.0,6.0,Asana Earnings,1.0,train,2025-11-24,0.845,12.2,2025-12-01,12.93,profit_lock_6%,6.15,-1.23,6.0,2025-11-24 00:00:00+00:00,2025-12-01 00:00:00+00:00,2025-11-22,2025-12-02,1315,0.12,16043.0,133921.54,11.9794,8.8,12.62,profit_lock_6%,959.95,916.11,5.7104,43.84,17002.95,24.9615
696257,OKTA,Will Okta (OKTA) beat quarterly earnings?,1,llm,0.88,YES,6.0,6.0,Okta Earnings,1.0,train,2025-11-24,0.88,79.15,2025-12-01,80.64,resolution-1d,3.25,-1.38,1.88,2025-11-24 00:00:00+00:00,2025-12-01 00:00:00+00:00,2025-11-22,2025-12-02,202,0.12,15988.3,133861.9,11.9439,8.83,8.7,resolution-1d,300.98,265.66,1.6616,35.32,16289.28,23.9192
696252,CRWD,Will CrowdStrike Holdings (CRWD) beat quarterly earnings?,1,llm,0.85,YES,7.0,7.0,CrowdStrike Earnings,1.0,train,2025-11-24,0.85,506.82,2025-12-01,504.13,resolution-1d,1.61,-2.72,-0.53,2025-11-24 00:00:00+00:00,2025-12-01 00:00:00+00:00,2025-11-22,2025-12-02,31,0.12,15711.42,133844.37,11.7386,8.8,8.21,resolution-1d,-83.39,-117.15,-0.7457,33.76,15628.03,22.9486
697468,IOT,Will Samsara (IOT) beat quarterly earnings?,1,llm,0.855,YES,6.0,6.0,Samsara Earnings,1.0,train,2025-11-24,0.855,36.28,2025-12-01,38.46,profit_lock_6%,6.03,-1.1,6.0,2025-11-24 00:00:00+00:00,2025-12-01 00:00:00+00:00,2025-11-23,2025-12-04,442,0.12,16035.76,133792.83,11.9855,8.81,9.56,profit_lock_6%,963.56,925.83,5.7735,37.73,16999.32,24.9606
697462,HPE,Will Hewlett Packard Enterprise (HPE) beat quarterly earnings?,1,llm,0.795,YES,6.0,6.0,Hewlett Packard Enterprise Earnings,1.0,train,2025-11-24,0.795,21.09,2025-12-01,21.93,profit_lock_4%,4.01,-2.06,4.0,2025-11-24 00:00:00+00:00,2025-12-01 00:00:00+00:00,2025-11-23,2025-12-04,286,0.12,6031.74,133774.45,4.5089,3.54,4.02,profit_lock_4%,240.24,224.89,3.7284,15.35,6271.98,9.2084
703110,MU,Will Micron Technology (MU) beat quarterly earnings?,1,llm,0.805,YES,7.0,7.0,Micron Technology Earnings,1.0,train,2025-11-26,0.805,230.26,2025-12-02,241.77,profit_lock_5%,5.25,-1.85,5.0,2025-11-26 00:00:00+00:00,2025-12-02 00:00:00+00:00,2025-11-26,2025-12-17,71,0.12,16348.46,136870.9,11.9444,9.02,8.52,profit_lock_5%,817.21,781.34,4.7793,35.87,17165.67,25.1601
701948,ORCL,Will Oracle (ORCL) beat quarterly earnings?,1,llm,0.735,YES,7.0,7.0,Oracle Earnings,1.0,train,2025-12-02,0.735,201.1,2025-12-05,215.18,profit_lock_7%,7.12,-0.85,7.0,2025-12-02 00:00:00+00:00,2025-12-05 00:00:00+00:00,2025-11-25,2025-12-08,82,0.12,16490.2,139194.13,11.8469,9.16,8.6,profit_lock_7%,1154.56,1117.97,6.7796,36.59,17644.76,25.7054
701960,CHWY,Will Chewy (CHWY) beat quarterly earnings?,1,llm,0.725,YES,6.0,6.0,Chewy Earnings,0.95,train,2025-12-02,0.725,33.47,2025-12-09,34.81,profit_lock_4%,4.12,-1.52,4.0,2025-12-02 00:00:00+00:00,2025-12-09 00:00:00+00:00,2025-11-28,2025-12-10,498,0.12,16668.06,139157.7,11.9778,9.16,10.08,profit_lock_4%,667.32,628.18,3.7688,39.14,17335.38,25.3506
701994,MTN,Will Vail Resorts (MTN) beat quarterly earnings?,1,llm,0.865,YES,6.0,6.0,Vail Resorts Earnings,1.0,train,2025-12-05,0.865,144.36,2025-12-09,145.46,resolution-1d,1.0,-2.15,0.76,2025-12-05 00:00:00+00:00,2025-12-09 00:00:00+00:00,2025-11-25,2025-12-10,116,0.12,16745.76,140814.12,11.8921,9.24,8.78,resolution-1d,127.6,91.49,0.5464,36.11,16873.36,24.6768
703171,FDS,Will FactSet Research Systems (FDS) beat quarterly earnings?,1,llm,0.77,YES,7.0,7.0,FactSet Earnings,0.95,train,2025-12-05,0.77,290.63,2025-12-10,288.2,poly<0.5347387666387801,0.0,-4.34,-0.84,2025-12-05 00:00:00+00:00,2025-12-10 00:00:00+00:00,2025-11-27,2025-12-18,3,0.12,871.89,140796.1,0.6193,0.77,0.79,poly<0.5347387666387801,-7.29,-10.44,-1.1972,3.15,864.6,1.2552
703176,CCL,Will Carnival (CCL) beat quarterly earnings?,1,llm,0.765,YES,6.0,6.0,Carnival Earnings,0.95,train,2025-11-28,0.765,25.78,2025-12-12,27.84,profit_lock_8%,8.96,-1.98,8.0,2025-11-28 00:00:00+00:00,2025-12-12 00:00:00+00:00,2025-11-26,2025-12-19,645,0.12,16628.1,138803.41,11.9796,9.11,10.57,profit_lock_8%,1328.7,1287.97,7.7457,40.73,17956.8,26.308
703174,PAYX,Will Paychex (PAYX) beat quarterly earnings?,1,llm,0.74,YES,7.0,7.0,Paychex Earnings,1.0,train,2025-12-01,0.74,110.54,2025-12-12,114.96,profit_lock_4%,4.02,-0.71,4.0,2025-12-01 00:00:00+00:00,2025-12-12 00:00:00+00:00,2025-11-26,2025-12-18,151,0.12,16691.54,139293.17,11.983,9.13,8.87,profit_lock_4%,667.42,630.71,3.7786,36.71,17358.96,25.4345
899880,KBH,Will KB Home (KBH) beat quarterly earnings?,1,llm,0.88,YES,6.0,6.0,KB Home Earnings,0.95,train,2025-12-09,0.88,61.69,2025-12-12,66.01,profit_lock_7%,7.07,-0.75,7.0,2025-12-09 00:00:00+00:00,2025-12-12 00:00:00+00:00,2025-12-09,2025-12-18,272,0.12,16779.68,140494.86,11.9433,9.24,9.34,profit_lock_7%,1175.04,1136.71,6.7743,38.33,17954.72,26.3069
703121,NKE,Will NIKE (NKE) beat quarterly earnings?,1,llm,0.905,YES,6.0,6.0,NIKE Earnings,1.0,train,2025-12-04,0.905,65.69,2025-12-15,68.97,profit_lock_5%,5.25,-4.14,5.0,2025-12-04 00:00:00+00:00,2025-12-15 00:00:00+00:00,2025-11-26,2025-12-18,95,0.12,6240.55,140551.91,4.44,3.6,3.47,profit_lock_5%,311.6,297.1,4.7608,14.5,6552.15,9.6143
899879,LEN,Will Lennar Corp (LEN) beat quarterly earnings?,1,llm,0.855,YES,6.0,6.0,Lennar Earnings,1.0,train,2025-12-10,0.855,120.03,2025-12-15,119.73,resolution-1d,2.3,-2.14,-0.25,2025-12-10 00:00:00+00:00,2025-12-15 00:00:00+00:00,2025-12-09,2025-12-16,11,0.12,1320.33,142917.84,0.9238,1.08,1.01,resolution-1d,-3.3,-7.44,-0.5637,4.14,1317.03,1.9317
703111,GIS,Will General Mills (GIS) beat quarterly earnings?,1,llm,0.8,YES,7.0,7.0,General Mills Earnings,1.0,train,2025-12-02,0.8,45.93,2025-12-16,47.02,resolution-1d,2.66,-1.7,2.37,2025-12-02 00:00:00+00:00,2025-12-16 00:00:00+00:00,2025-11-26,2025-12-17,363,0.12,16672.59,139176.37,11.9795,9.06,9.61,resolution-1d,395.67,357.85,2.1463,37.82,17068.26,25.1139
899881,CAG,Will Conagra Brands (CAG) beat quarterly earnings?,1,llm,0.71,NO,7.0,7.0,Conagra Brands Earnings,0.95,train,2025-12-09,0.71,17.12,2025-12-16,17.98,profit_lock_5%,5.43,-0.99,5.0,2025-12-09 00:00:00+00:00,2025-12-16 00:00:00+00:00,2025-12-09,2025-12-19,983,0.12,16828.96,140515.94,11.9765,9.22,11.85,profit_lock_5%,845.38,802.36,4.7678,43.02,17674.34,26.0026
703173,CTAS,Will Cintas (CTAS) beat quarterly earnings?,1,llm,0.785,YES,7.0,7.0,Cintas Earnings,1.0,train,2025-11-28,0.785,186.02,2025-12-17,187.37,resolution-1d,2.58,-1.79,0.73,2025-11-28 00:00:00+00:00,2025-12-17 00:00:00+00:00,2025-11-26,2025-12-18,89,0.12,16555.78,138765.31,11.9308,9.12,8.63,resolution-1d,120.15,84.57,0.5108,35.58,16675.93,24.811
703120,ACN,Will Accenture (ACN) beat quarterly earnings?,1,llm,0.87,YES,7.0,7.0,Accenture Earnings,1.0,train,2025-12-04,0.87,269.34,2025-12-17,280.11,profit_lock_4%,4.38,-1.61,4.0,2025-12-04 00:00:00+00:00,2025-12-17 00:00:00+00:00,2025-11-26,2025-12-18,62,0.12,16699.08,140569.86,11.8796,9.25,8.7,profit_lock_4%,667.74,631.25,3.7801,36.49,17366.82,25.839
703175,LW,Will Lamb Weston Holdings (LW) beat quarterly earnings?,1,llm,0.82,YES,5.0,5.0,Lamb Weston Earnings,0.95,train,2025-11-28,0.82,59.06,2025-12-18,59.33,resolution-1d,3.28,-3.49,0.46,2025-11-28 00:00:00+00:00,2025-12-18 00:00:00+00:00,2025-11-26,2025-12-19,281,0.12,16595.86,138783.73,11.9581,9.14,9.28,resolution-1d,75.87,38.99,0.2349,36.88,16671.73,24.6179
